<?xml version="1.0" encoding="UTF-8"?>
<project-private xmlns="http://www.netbeans.org/ns/project-private/1">
    <editor-bookmarks xmlns="http://www.netbeans.org/ns/editor-bookmarks/2" lastBookmarkId="0"/>
    <open-files xmlns="http://www.netbeans.org/ns/projectui-open-files/2">
        <group name="lista1">
            <file>file:/C:/Users/an4cb/Desktop/SOFT%20T3/src/soft/t3/Publicacao.java</file>
            <file>file:/C:/Users/an4cb/Desktop/SOFT%20T3/src/soft/t3/Usuario.java</file>
            <file>file:/C:/Users/an4cb/Desktop/SOFT%20T3/src/soft/t3/Denuncia.java</file>
        </group>
    </open-files>
</project-private>
